{"_runtime": 1022, "rollout/ep_len_mean": 500, "global_step": 4000, "_timestamp": 1760649628.9490607, "_step": 5, "rollout/ep_rew_mean": 149.26044, "time/fps": 2783}